"","cleanTweet"
"1","I need help I am buying a new phone soon but am undecided Iphone7 or GalaxyS7I want a good camera and battery life Which is best"
"2","Launches Juice Pack Air Battery Case w Wireless Charging for iPhone7iPhone7Plus PolaroidUniversity"
"3","gear  battery gear  iPhone apple iphone7 iphone7plus pc nerd nerdlife instagood"
"4","The protective juice pack air battery caseextend the life of your iPhone7 to a total of 27 hours"
"5","Himy iPhone7 looses 20 of battery during night with no apps opened without touching iton battery savior mode Normal"
"6","Samsung cut it too close with safety margins on the Note7 design report saystech galaxy7 samsung iphone7 ios10"
"7","Ordered Mophie JuicePack BatteryCase Wireless Apple  iPhone7PlusiPhone7"
"8","Mophies first iPhone 7 and 7 Plus battery cases feature wireless charging tech virtualreality iphone7"
"9","Mophies first iPhone 7 and 7 Plus battery cases feature wireless charging tech virtualreality iphone7"
"10","Apple Admits iPhones Have A ProblemForbesiphone7 iphone7Plus"
"11","Apple Admits iPhones Have A ProblemForbesiPhone7 iPhone7Plus"
"12","Chinese Apple Users Complain of Exploding Catching Fire iPhone UnitsiPhone7"
"13","Chinese Apple Users Complain of Exploding Catching Fire iPhone UnitsiPhone7"
"14","New iPhone is killin it cant remember last time I got over 24 full hours of battery on a single charge Iphone7"
"15","Used my phone ALL day Texts Snapchat Social media Music ShoppingI still have 25 battery High 5your iPhone 7  iPhone7"
"16","RTBattery on my iPhone7 sucks already"
"17","Mophie now shipping Juice Pack Air battery cases for iPhone 7 and 7 PlusCNETiPhone7 iPhone7Plus"
"18","Mophie now shipping Juice Pack Air battery cases for iPhone 7 and 7 PlusCNETiphone7 iphone7Plus"
"19","Mophie unveiled juice packair battery cases for iPhone7 and 7Plus with wireless charging for 9995"
"20","Your iPhone7 can now use wireless charging with this Mophie battery case"
"21","Im not saying I regret my iphone7 but man do I miss the never ending awesome battery life of my iphone6 Come on Apple what the heck"
"22","RTiPhone7 HowToiPhone 7 Latest News and Updates Sudden Battery Drain"
"23","iPhone7 HowToiPhone 7 Latest News and Updates Sudden Battery Drain"
"24","iPhone7 HowToiPhone 7 Latest News and Updates Sudden Battery Drain"
"25","iPhone7 HowToiPhone 7 Latest News and Updates Sudden Battery Drain"
"26","iPhone7 HowToiPhone 7 Latest News and Updates Sudden Battery Drain"
"27","iPhone7 HowToiPhone 7 Latest News and Updates Sudden Battery Drain"
"28","iPhone7 HowToiPhone 7 Latest News and Updates Sudden Battery Drain"
"29","Apple preparing iPhone software update to diagnose battery issuesapple news tech iPhone twitter iPhone7 WW"
"30","iPhone7 now has the best performancebattery life ever as well as new finishesstereo speakers Get your han"
"31","This iphone7 battery last long af "
"32","One thing I can say about the iphone7 is that the battery lasts me all day I love it"
"33","Shout out to the battery life on the iphone7"
"34","My Iphone7 pluss battery lasted almost 2 full days of my normal usage on one battery charge Coolness"
"35","your iphone7 has the most piss poor battery"
"36","iPhone7 BatteryLifeiPhone 7 issues How to fix problems with activation Bluetooth"
"37","iPhone7 BatteryLifeiPhone 7 issues How to fix problems with activation Bluetooth"
"38","iPhone7 BatteryLifeiPhone 7 issues How to fix problems with activation Bluetooth"
"39","iPhone7 BatteryLifeiPhone 7 issues How to fix problems with activation Bluetooth"
"40","iPhone7 BatteryLifeiPhone 7 issues How to fix problems with activation Bluetooth"
"41","iPhone7 BatteryLifeiPhone 7 issues How to fix problems with activation Bluetooth"
"42","battery issues iPhone7"
"43","My phone dies when it hits 60 batteryI have to buy a new phoneiphone7 or iphone6s thisisannoying cm355"
"44","RTArent cancer rates correlated to iPhone7  penetration rate"
"45","Apple FINALLY addressed iPhone 6s battery problems  but only in Chinese virtualreality iphone7"
"46","Apple FINALLY addressed iPhone 6s battery problems  but only in Chinese virtualreality iphone7"
"47","RTBest Battery Banks for iPhoneapple news tech iPhone twitter iPhone7 WWDC applewatch iOS10"
"48","Best Battery Banks for iPhoneapple news tech iPhone twitter iPhone7 WWDC applewatch iOS10 jailbreak Pa"
"49","Big problem face for iPhone use is battery Apple iphone7 iPhone 5s"
"50","my phone battery has lasted 13 hours and is still not dead and im so impressed iphone7"
"51","iMod Volta is the next best thing to a removable iPhone battery iPhone6 iPhone6s iPhone7 Sign up at"
"52","amazednow 1844took my iPhone7 offcharge at 5amIt still has 34 battery lifelike the days of the preSmartPhone Nokia"
"53","RTSmart Battery Case for iPhone reviewapple news tech iPhone twitter iPhone7 WWDC applewatch"
"54","Smart Battery Case for iPhone reviewapple news tech iPhone twitter iPhone7 WWDC applewatch iOS10 jailbr"
"55","iPhone 7 Battery Case 3800mAh  US5000 free shipping worldwide iPhone7 batterycase MFi license"
"56","If Your iPhone 6s Turns Off for No Reason Apple Might Fix It for virtualreality iphone7"
"57","iPhone 7 Plus with larger Battery 3100 mAh 256GB   A10chip Apple iPhone6c IPhone7 iPhone7plus TimCook"
"58","RTArent cancer rates correlated to iPhone7  penetration rate"
"59","RTAfter GalaxyNote7 chaosdoes aiPhone7 Made in China battery burns pregnant woman in Australia Sa"
"60","Arent cancer rates correlated to iPhone7  penetration rate"
"61","Apple Watch 2 to come with a larger battery capacityapplewatch applewatch2 iphone7 watchos3"
"62","Something starts happening to older iPhone model as Apple launches new oneiPhone6S battery has started draining at 30 iphone7"
"63","RTAfter GalaxyNote7 chaosdoes aiPhone7 Made in China battery burns pregnant woman in Australia Sa"
"64","check outiPhone 7 battery case that has the mini jack integrated boom iphone7 minijack batterycase fuze"
"65","New 2600mAh Portable Travel Power Bank Emergency Backup Battery Black Charger For Apple iPhone7 shop nowgtgtgtgt"
"66","iPhone 7 case smartphon iphone7 Battery FelizFinde  MAMARedCarpet"
"67","How To Fix Bad Battery on Iphone  Iphone iphone7 iOS10 iPhone7Plus BatteryLife"
"68","Beyond impressed with the iPhone 7 Battery life is superb The performance is outstanding Sleek design and stylish Go get an i7 iPhone7"
"69","Its a known that iPhone 6s is having battery issues but my new 7 drains shockingly fast How can I preserve battery iphone7 battery"
"70","RTiPhone 7 battery got swollen after 1 week of use virtualreality iphone7"
"71","iPhone 7 battery got swollen after 1 week of use virtualreality iphone7"
"72","Battery issues on iphone7looks like others have same problems since iOS 1011 I bought the 7 specifically to avoid this"
"73","iPhone7 battery issues Quickly draining"
"74","Got an iphone7having battery problems already Check this out Best cases to keep your phone above 20 percen"
"75","iPhone7does the battery last a day of moderatedecent use"
"76","Apple releaseProduct RED version of the iPhone7 Smart Battery Case on World AIDS Day 2016 and some RED Beats headphones"
"77","iPhone7 Smartphone  This is why your iPhone 7s battery might die in a yearTheres a new battery issue"
"78","iPhone7 Smartphone  This is why your iPhone 7s battery might die in a yearTheres a new battery issue"
"79","iPhone7 Smartphone  This is why your iPhone 7s battery might die in a yearTheres a new battery issue"
"80","iPhone7 Smartphone  This is why your iPhone 7s battery might die in a yearTheres a new battery issue"
"81","iPhone7 Smartphone  This is why your iPhone 7s battery might die in a yearTheres a"
"82","iPhone7 SmartphoneThis is why your iPhone 7s battery might die in a yearTheres a new battery issue"
"83","the battery life on this phone is phenomenal compared to my last phone wow unplugged at 8am now 72 at 1142pm iphone7"
"84","Are you a PokemonGO player Check out our iPhone battery charging cases  iPhone iphone7 iphone7plus iphone6 iphone6plus"
"85","iPhone 7 has a great battery life Way better than the 5s upgrade iphone7"
"86","my phone has been off the charger for 10 hours and its only at 65 this battery life is so great iPhone7"
"87","Iphone6 Iphone7I didnt hear shit about an Patch for your battery drain prob for IOS 101 debacle Apple"
"88","How to replacefix Apple iphone iphone6s iphone6 iphoneSE iPhone6c iphone7"
"89","External 50000mAh Power Bank Pack Portable USB Battery ChargerMobile for iphone7 shop nowgtgtgtgt"
"90","RTBest battery cases for iPhone SEapple news tech iPhone twitter iPhone7 WWDC applewatch iO"
"91","Best battery cases for iPhone SEapple news tech iPhone twitter iPhone7 WWDC applewatch iOS10 jailbreak "
"92","Apple release Product RED iPhone smart battery case to help fight AIDS iPhone7 iOS10 RED charity ProductRED"
"93","Loving the battery life on theiphone7 Perfectly ok without the headphone jack"
"94","IOS1011 Battery Drains Plz provide with update No use to have iphone7"
"95","Intrigued by the mystery of my iphone6 battery Started dying 50 faster on the eve of the release of the iphone7"
"96","Battery performance test iphone iphone6s iphone6 iphoneSE iPhone6c iphone7"
"97","We offer the highest quality iPhone7iPhone7plus battery charging cases for only 37993999 Can charge your phone 25x New"
"98","We are proud to offer iPhone Battery charging cases that fit the iPhone 7 and the iPhone 6 iphone charge apple iphone6 iphone7 tech"
"99","We are the most affordable and highest quality iPhone chargingcaseDead battery What is that chargeup iphone6 iphone6plus iphone7"
"100","The differences between the iPhone 7 and iPhone 5 are many My favorite is having a battery that lasts for more than a few hours iphone7"
